taxi,year,hour,trips,avg_total_usd
green,2024,0,11145,25.803
green,2024,1,7657,24.932
green,2024,2,5425,28.206
green,2024,3,4064,32.935
green,2024,4,3326,34.267
green,2024,5,3289,31.242
green,2024,6,9376,22.499
green,2024,7,22115,21.999
green,2024,8,28693,22.87
green,2024,9,31821,22.997
green,2024,10,31700,23.284
green,2024,11,31939,23.893
green,2024,12,33388,23.481
green,2024,13,33992,23.582
green,2024,14,39573,23.681
green,2024,15,43290,23.438
green,2024,16,46940,24.957
green,2024,17,51202,24.425
green,2024,18,48982,23.645
green,2024,19,38801,23.079
green,2024,20,29787,22.991
green,2024,21,25996,25.679
green,2024,22,21392,27.135
green,2024,23,16813,26.01
green,2025,0,8689,28.416
green,2025,1,5779,28.149
green,2025,2,3979,32.408
green,2025,3,3089,34.631
green,2025,4,2922,37.992
green,2025,5,3681,33.148
green,2025,6,10128,24.818
green,2025,7,21861,23.735
green,2025,8,28359,24.236
green,2025,9,29833,24.446
green,2025,10,29620,24.373
green,2025,11,29410,24.988
green,2025,12,31534,24.361
green,2025,13,31809,23.954
green,2025,14,35285,24.348
green,2025,15,38591,24.037
green,2025,16,42245,25.454
green,2025,17,45081,24.888
green,2025,18,42670,24.095
green,2025,19,33348,23.551
green,2025,20,25522,23.815
green,2025,21,21981,27.516
green,2025,22,18781,30.543
green,2025,23,14214,28.662
green,2026,0,4754,28.835
green,2026,1,2930,28.346
green,2026,2,2114,33.897
green,2026,3,1741,38.542
green,2026,4,1734,38.965
green,2026,5,2357,34.57
green,2026,6,6389,24.53
green,2026,7,13591,23.668
green,2026,8,17100,24.624
green,2026,9,17936,24.423
green,2026,10,17301,24.851
green,2026,11,17102,25.155
green,2026,12,18508,24.856
green,2026,13,18250,24.473
green,2026,14,20458,24.889
green,2026,15,22229,24.44
green,2026,16,23945,25.471
green,2026,17,24820,24.829
green,2026,18,23529,24.042
green,2026,19,17690,23.497
green,2026,20,13559,24.111
green,2026,21,12045,27.458
green,2026,22,10348,30.394
green,2026,23,7384,28.591
yellow,2024,0,1141842,28.77
yellow,2024,1,737687,26.127
yellow,2024,2,478636,24.473
yellow,2024,3,312015,25.73
yellow,2024,4,226816,32.168
yellow,2024,5,248948,37.284
yellow,2024,6,561745,30.777
yellow,2024,7,1097100,27.389
yellow,2024,8,1517296,26.513
yellow,2024,9,1660966,26.655
yellow,2024,10,1779648,27.169
yellow,2024,11,1933239,27.406
yellow,2024,12,2111642,27.924
yellow,2024,13,2195919,28.853
yellow,2024,14,2355491,29.857
yellow,2024,15,2431946,29.829
yellow,2024,16,2455871,31.87
yellow,2024,17,2690564,29.899
yellow,2024,18,2821409,28.393
yellow,2024,19,2490446,28.48
yellow,2024,20,2281755,27.955
yellow,2024,21,2328936,27.943
yellow,2024,22,2152592,28.52
yellow,2024,23,1665332,29.735
yellow,2025,0,1380258,29.166
yellow,2025,1,907008,26.96
yellow,2025,2,594535,25.42
yellow,2025,3,403854,26.009
yellow,2025,4,320367,31.056
yellow,2025,5,344376,34.467
yellow,2025,6,688971,30.253
yellow,2025,7,1273023,27.904
yellow,2025,8,1723566,27.029
yellow,2025,9,1852898,26.984
yellow,2025,10,1944700,27.392
yellow,2025,11,2086728,27.768
yellow,2025,12,2269741,28.572
yellow,2025,13,2376706,28.819
yellow,2025,14,2549299,30.109
yellow,2025,15,2649095,29.955
yellow,2025,16,2595690,31.896
yellow,2025,17,2856371,30.312
yellow,2025,18,2974262,28.73
yellow,2025,19,2687014,28.748
yellow,2025,20,2594564,28.085
yellow,2025,21,2657797,28.256
yellow,2025,22,2479126,28.919
yellow,2025,23,1941980,29.649
yellow,2026,0,907058,31.26
yellow,2026,1,602517,29.483
yellow,2026,2,400976,28.392
yellow,2026,3,288192,29.423
yellow,2026,4,235938,33.813
yellow,2026,5,261316,35.53
yellow,2026,6,490802,31.994
yellow,2026,7,856811,30.241
yellow,2026,8,1150122,29.568
yellow,2026,9,1204269,28.465
yellow,2026,10,1219926,28.543
yellow,2026,11,1316212,29.021
yellow,2026,12,1423288,29.129
yellow,2026,13,1489066,29.863
yellow,2026,14,1614543,30.988
yellow,2026,15,1668670,31.086
yellow,2026,16,1599178,32.295
yellow,2026,17,1766543,30.915
yellow,2026,18,1832402,29.591
yellow,2026,19,1664445,29.926
yellow,2026,20,1654855,29.616
yellow,2026,21,1715730,30.087
yellow,2026,22,1592183,30.654
yellow,2026,23,1264308,31.4
