taxi,year,payment_type,trips,share_pct,avg_total_usd
green,2024,1,426884,68.774,25.093
green,2024,2,167711,27.019,20.569
green,2024,3,1967,0.317,15.463
green,2024,4,681,0.11,14.485
green,2024,5,21,0.003,19.39
green,2024,,23442,3.777,31.987
green,2025,1,386997,69.303,25.775
green,2025,2,124465,22.289,21.193
green,2025,3,1564,0.28,15.713
green,2025,4,520,0.093,15.682
green,2025,5,18,0.003,15.764
green,2025,,44847,8.031,31.172
green,2026,1,211589,66.576,25.601
green,2026,2,62528,19.674,20.754
green,2026,3,723,0.227,17.694
green,2026,4,273,0.086,19.587
green,2026,,42701,13.436,30.979
yellow,2024,0,3692099,9.305,25.343
yellow,2024,1,30168733,76.034,29.717
yellow,2024,2,5275283,13.295,24.881
yellow,2024,3,155999,0.393,27.101
yellow,2024,4,385727,0.972,27.856
yellow,2025,0,8844223,20.031,26.317
yellow,2025,1,30325274,68.684,30.089
yellow,2025,2,4290434,9.717,25.354
yellow,2025,3,160460,0.363,26.957
yellow,2025,4,531537,1.204,31.531
yellow,2025,5,1,0.0,71.99
yellow,2026,0,7036103,24.934,32.433
yellow,2026,1,18454571,65.397,30.021
yellow,2026,2,2554461,9.052,26.001
yellow,2026,3,56214,0.199,24.375
yellow,2026,4,118001,0.418,28.829
