taxi,year,weekday,trips,observed_days,trips_per_observed_day
green,2024,1,88243,53,1665.0
green,2024,2,92991,53,1754.5
green,2024,3,95893,52,1844.1
green,2024,4,98788,52,1899.8
green,2024,5,93837,52,1804.6
green,2024,6,79515,52,1529.1
green,2024,7,71439,52,1373.8
green,2025,1,80380,52,1545.8
green,2025,2,84170,52,1618.7
green,2025,3,88507,53,1669.9
green,2025,4,88659,52,1705.0
green,2025,5,83267,52,1601.3
green,2025,6,68395,52,1315.3
green,2025,7,65033,52,1250.6
green,2026,1,45220,35,1292.0
green,2026,2,47976,34,1411.1
green,2026,3,49763,34,1463.6
green,2026,4,52520,35,1500.6
green,2026,5,47546,35,1358.5
green,2026,6,38398,35,1097.1
green,2026,7,36391,35,1039.7
yellow,2024,1,4929471,53,93008.9
yellow,2024,2,5695524,53,107462.7
yellow,2024,3,5907726,52,113610.1
yellow,2024,4,6198669,52,119205.2
yellow,2024,5,5864027,52,112769.8
yellow,2024,6,6007741,52,115533.5
yellow,2024,7,5074683,52,97590.1
yellow,2025,1,5405353,52,103949.1
yellow,2025,2,6146652,52,118204.8
yellow,2025,3,6610225,53,124721.2
yellow,2025,4,6734716,52,129513.8
yellow,2025,5,6492994,52,124865.3
yellow,2025,6,6848104,52,131694.3
yellow,2025,7,5913885,52,113728.6
yellow,2026,1,3353808,35,95823.1
yellow,2026,2,3844736,34,113080.5
yellow,2026,3,4098049,34,120530.9
yellow,2026,4,4456770,35,127336.3
yellow,2026,5,4220277,35,120579.3
yellow,2026,6,4501154,35,128604.4
yellow,2026,7,3744556,35,106987.3
