taxi,year,distance_bin,trips
green,2024,1: <1 mi,98303
green,2024,2: 1-3 mi,339107
green,2024,3: 3-10 mi,161077
green,2024,4: 10-25 mi,21145
green,2024,5: 25-100 mi,1074
green,2025,1: <1 mi,81306
green,2025,2: 1-3 mi,300361
green,2025,3: 3-10 mi,149679
green,2025,4: 10-25 mi,25888
green,2025,5: 25-100 mi,1177
green,2026,1: <1 mi,44260
green,2026,2: 1-3 mi,168488
green,2026,3: 3-10 mi,87729
green,2026,4: 10-25 mi,16776
green,2026,5: 25-100 mi,561
yellow,2024,1: <1 mi,8694355
yellow,2024,2: 1-3 mi,19502518
yellow,2024,3: 3-10 mi,8217383
yellow,2024,4: 10-25 mi,3152152
yellow,2024,5: 25-100 mi,111433
yellow,2025,1: <1 mi,9246125
yellow,2025,2: 1-3 mi,20996858
yellow,2025,3: 3-10 mi,10385699
yellow,2025,4: 10-25 mi,3401475
yellow,2025,5: 25-100 mi,121772
yellow,2026,1: <1 mi,5915837
yellow,2026,2: 1-3 mi,12976372
yellow,2026,3: 3-10 mi,7163685
yellow,2026,4: 10-25 mi,2083254
yellow,2026,5: 25-100 mi,80202
