column,type
Airport_fee,double
DOLocationID,int32
PULocationID,int32
RatecodeID,int64
VendorID,int32
cbd_congestion_fee,double
congestion_surcharge,double
ehail_fee,double
extra,double
fare_amount,double
improvement_surcharge,double
lpep_dropoff_datetime,timestamp[us]
lpep_pickup_datetime,timestamp[us]
mta_tax,double
passenger_count,int64
payment_type,int64
request_source,large_string
store_and_fwd_flag,large_string
tip_amount,double
tolls_amount,double
total_amount,double
tpep_dropoff_datetime,timestamp[us]
tpep_pickup_datetime,timestamp[us]
trip_distance,double
trip_type,int64
