taxi,source_year,source_month,source_file,vendor_id,pickup,dropoff,passenger_count,trip_distance,pu_location_id,do_location_id,payment_type,ratecode_id,fare_amount,tip_amount,total_amount,tolls_amount,congestion_surcharge,cbd_congestion_fee
yellow,2026,1,/Users/javiervalladares/Library/Mobile Documents/com~apple~CloudDocs/Octavo Semestre/Datos/Lab8/data/raw/yellow/2026/yellow_tripdata_2026-01.parquet,2,2026-01-01 00:54:04,2026-01-01 00:59:37,1.0,0.97,239,238,1,1.0,7.2,3.66,15.86,0.0,2.5,0.0
yellow,2026,1,/Users/javiervalladares/Library/Mobile Documents/com~apple~CloudDocs/Octavo Semestre/Datos/Lab8/data/raw/yellow/2026/yellow_tripdata_2026-01.parquet,1,2026-01-01 00:34:04,2026-01-01 00:39:47,0.0,0.9,163,162,2,1.0,7.9,0.0,13.65,0.0,2.5,0.75
yellow,2026,1,/Users/javiervalladares/Library/Mobile Documents/com~apple~CloudDocs/Octavo Semestre/Datos/Lab8/data/raw/yellow/2026/yellow_tripdata_2026-01.parquet,1,2026-01-01 00:57:06,2026-01-01 01:05:59,0.0,1.4,43,237,1,1.0,10.7,2.5,18.95,0.0,2.5,0.75
yellow,2026,1,/Users/javiervalladares/Library/Mobile Documents/com~apple~CloudDocs/Octavo Semestre/Datos/Lab8/data/raw/yellow/2026/yellow_tripdata_2026-01.parquet,2,2026-01-01 00:15:22,2026-01-01 00:58:10,4.0,5.58,142,209,1,1.0,38.7,11.11,55.56,0.0,2.5,0.75
yellow,2026,1,/Users/javiervalladares/Library/Mobile Documents/com~apple~CloudDocs/Octavo Semestre/Datos/Lab8/data/raw/yellow/2026/yellow_tripdata_2026-01.parquet,2,2026-01-01 00:27:13,2026-01-01 00:40:43,0.0,2.16,88,144,1,1.0,13.5,3.85,23.1,0.0,2.5,0.75
yellow,2026,1,/Users/javiervalladares/Library/Mobile Documents/com~apple~CloudDocs/Octavo Semestre/Datos/Lab8/data/raw/yellow/2026/yellow_tripdata_2026-01.parquet,2,2026-01-01 00:47:11,2026-01-01 01:00:47,2.0,2.33,144,137,1,1.0,14.2,4.99,24.94,0.0,2.5,0.75
yellow,2026,1,/Users/javiervalladares/Library/Mobile Documents/com~apple~CloudDocs/Octavo Semestre/Datos/Lab8/data/raw/yellow/2026/yellow_tripdata_2026-01.parquet,1,2026-01-01 00:17:54,2026-01-01 00:28:32,1.0,1.3,142,50,2,1.0,11.4,0.0,17.15,0.0,2.5,0.75
yellow,2026,1,/Users/javiervalladares/Library/Mobile Documents/com~apple~CloudDocs/Octavo Semestre/Datos/Lab8/data/raw/yellow/2026/yellow_tripdata_2026-01.parquet,1,2026-01-01 00:34:28,2026-01-01 00:59:05,0.0,2.9,50,234,1,1.0,22.6,5.65,34.0,0.0,2.5,0.75
yellow,2026,1,/Users/javiervalladares/Library/Mobile Documents/com~apple~CloudDocs/Octavo Semestre/Datos/Lab8/data/raw/yellow/2026/yellow_tripdata_2026-01.parquet,2,2026-01-01 00:34:14,2026-01-01 01:11:58,1.0,5.34,161,45,1,1.0,37.3,8.61,51.66,0.0,2.5,0.75
yellow,2026,1,/Users/javiervalladares/Library/Mobile Documents/com~apple~CloudDocs/Octavo Semestre/Datos/Lab8/data/raw/yellow/2026/yellow_tripdata_2026-01.parquet,2,2026-01-01 00:41:07,2026-01-01 00:50:42,3.0,1.83,237,263,1,1.0,10.7,2.36,18.06,0.0,2.5,0.0
green,2026,1,/Users/javiervalladares/Library/Mobile Documents/com~apple~CloudDocs/Octavo Semestre/Datos/Lab8/data/raw/green/2026/green_tripdata_2026-01.parquet,1,2026-01-01 00:27:58,2026-01-01 00:55:16,2.0,6.2,65,233,1,1.0,31.7,7.5,45.2,0.0,2.75,0.75
green,2026,1,/Users/javiervalladares/Library/Mobile Documents/com~apple~CloudDocs/Octavo Semestre/Datos/Lab8/data/raw/green/2026/green_tripdata_2026-01.parquet,2,2026-01-01 00:44:33,2026-01-01 01:32:56,5.0,5.36,66,188,1,5.0,50.0,10.2,61.2,0.0,0.0,0.0
green,2026,1,/Users/javiervalladares/Library/Mobile Documents/com~apple~CloudDocs/Octavo Semestre/Datos/Lab8/data/raw/green/2026/green_tripdata_2026-01.parquet,1,2026-01-01 00:23:45,2026-01-01 00:45:03,4.0,10.6,65,179,1,1.0,41.5,2.0,46.0,0.0,0.0,0.0
green,2026,1,/Users/javiervalladares/Library/Mobile Documents/com~apple~CloudDocs/Octavo Semestre/Datos/Lab8/data/raw/green/2026/green_tripdata_2026-01.parquet,1,2026-01-01 00:44:33,2026-01-01 01:00:45,1.0,4.2,42,141,2,1.0,19.8,0.0,25.05,0.0,2.75,0.0
green,2026,1,/Users/javiervalladares/Library/Mobile Documents/com~apple~CloudDocs/Octavo Semestre/Datos/Lab8/data/raw/green/2026/green_tripdata_2026-01.parquet,2,2026-01-01 00:46:04,2026-01-01 01:04:40,1.0,2.76,95,82,2,1.0,19.1,0.0,21.6,0.0,0.0,0.0
green,2026,1,/Users/javiervalladares/Library/Mobile Documents/com~apple~CloudDocs/Octavo Semestre/Datos/Lab8/data/raw/green/2026/green_tripdata_2026-01.parquet,2,2026-01-01 00:16:31,2026-01-01 00:33:57,1.0,2.6,66,88,1,1.0,19.8,0.0,25.8,0.0,2.75,0.75
green,2026,1,/Users/javiervalladares/Library/Mobile Documents/com~apple~CloudDocs/Octavo Semestre/Datos/Lab8/data/raw/green/2026/green_tripdata_2026-01.parquet,2,2026-01-01 00:08:25,2026-01-01 00:18:15,1.0,1.35,166,239,1,1.0,11.4,3.33,19.98,0.0,2.75,0.0
green,2026,1,/Users/javiervalladares/Library/Mobile Documents/com~apple~CloudDocs/Octavo Semestre/Datos/Lab8/data/raw/green/2026/green_tripdata_2026-01.parquet,2,2026-01-01 00:51:18,2026-01-01 00:58:35,1.0,1.27,41,42,1,1.0,9.3,1.0,12.8,0.0,0.0,0.0
green,2026,1,/Users/javiervalladares/Library/Mobile Documents/com~apple~CloudDocs/Octavo Semestre/Datos/Lab8/data/raw/green/2026/green_tripdata_2026-01.parquet,2,2026-01-01 00:53:05,2026-01-01 00:56:27,1.0,0.51,92,92,1,5.0,15.0,0.0,16.0,0.0,0.0,0.0
green,2026,1,/Users/javiervalladares/Library/Mobile Documents/com~apple~CloudDocs/Octavo Semestre/Datos/Lab8/data/raw/green/2026/green_tripdata_2026-01.parquet,2,2026-01-01 00:19:51,2026-01-01 00:48:36,1.0,9.06,74,211,2,1.0,41.5,0.0,47.5,0.0,2.75,0.75
