taxi,year,month,period,trips,total_usd,avg_total_usd,median_miles,median_minutes,credit_pct,card_tip_pct
green,2026,1,2026-01-01,38193,923369.04,24.176,2.0,13.0,66.214,21.422
green,2026,2,2026-02-01,35218,854873.24,24.274,2.01,13.433,65.827,21.414
green,2026,3,2026-03-01,41774,1034525.65,24.765,2.12,13.1,66.01,21.502
green,2026,4,2026-04-01,41686,1049914.19,25.186,2.12,13.0,67.034,21.354
green,2026,5,2026-05-01,42444,1092115.84,25.731,2.13,13.383,67.979,20.751
green,2026,6,2026-06-01,41656,1082407.31,25.984,2.15,13.483,66.872,20.624
green,2026,7,2026-07-01,38692,1012152.72,26.159,2.2,13.067,66.934,20.268
green,2026,8,2026-08-01,38151,1006178.37,26.374,2.24,13.167,65.505,20.39
yellow,2026,1,2026-01-01,3515209,104283604.0,29.666,1.9,13.517,62.35,21.196
yellow,2026,2,2026-02-01,3208756,97708434.6,30.451,1.88,14.183,62.309,21.162
yellow,2026,3,2026-03-01,3761049,113818186.75,30.262,1.9,13.45,67.686,21.118
yellow,2026,4,2026-04-01,3672435,110518342.4,30.094,1.9,14.167,70.036,21.056
yellow,2026,5,2026-05-01,3910257,119438968.25,30.545,1.93,14.667,68.04,21.083
yellow,2026,6,2026-06-01,3644617,111522486.74,30.599,1.9,14.283,64.952,23.049
yellow,2026,7,2026-07-01,3344740,100787574.27,30.133,2.0,14.3,63.474,22.299
yellow,2026,8,2026-08-01,3162287,95342533.2,30.15,2.09,14.333,63.085,22.018
