taxi,source_year,source_month,pickup,dropoff,trip_distance,duration_min,fare_amount,total_amount,bad_date,bad_distance,bad_duration,bad_amount
yellow,2026,6,2026-06-07 07:16:20,2026-06-07 07:16:20,0.01,0.0,7045.0,7053.5,False,False,True,False
yellow,2026,7,2026-07-31 09:37:10,2026-07-31 09:37:10,0.05,0.0,6466.6,6471.35,False,False,True,False
yellow,2026,5,2026-05-25 07:20:43,2026-05-25 07:20:43,0.13,0.0,5525.99,5530.74,False,False,True,False
yellow,2026,5,2026-05-14 19:19:59,2026-05-14 19:19:59,0.0,0.0,5525.99,5530.74,False,True,True,False
yellow,2026,8,2026-08-01 17:57:35,2026-08-01 17:57:35,0.0,0.0,5525.99,5530.74,False,True,True,False
yellow,2026,5,2026-05-14 19:44:03,2026-05-14 19:44:03,0.39,0.0,5525.99,5530.74,False,False,True,False
yellow,2026,8,2026-08-29 23:19:18,2026-08-29 23:19:18,0.0,0.0,5050.0,5054.75,False,True,True,False
yellow,2026,8,2026-08-14 13:06:19,2026-08-14 13:06:19,0.0,0.0,5000.0,5000.0,False,True,True,False
yellow,2026,8,2026-08-10 13:21:33,2026-08-10 13:21:33,0.0,0.0,4385.0,4385.0,False,True,True,False
yellow,2026,7,2026-07-22 05:30:01,2026-07-25 06:07:59,19.28,4357.966666666666,3062.0,3067.75,False,False,True,False
yellow,2026,1,2026-01-25 00:43:10,2026-01-27 11:28:52,48.65,3525.7,2555.2,2560.2,False,False,True,False
yellow,2026,5,2026-05-14 17:53:53,2026-05-14 17:53:53,0.07,0.0,2552.59,2554.09,False,False,True,False
yellow,2026,1,2026-01-15 13:56:22,2026-01-15 13:56:22,0.0,0.0,2500.0,2500.0,False,True,True,False
yellow,2026,2,2026-02-22 19:31:11,2026-02-24 19:19:42,41.62,2868.516666666667,2084.1,2088.85,False,False,True,False
yellow,2026,6,2026-06-25 19:20:13,2026-06-25 19:20:13,0.05,0.0,2000.0,2004.75,False,False,True,False
yellow,2026,7,2026-07-23 13:36:51,2026-07-23 13:36:51,0.0,0.0,2000.0,2000.0,False,True,True,False
yellow,2026,8,2026-08-06 11:47:42,2026-08-06 17:08:32,272.2,320.8333333333333,1860.8,1884.55,False,True,True,False
yellow,2026,8,2026-08-28 02:36:52,2026-08-28 07:06:10,274.35,269.3,1849.6,1866.89,False,True,True,False
yellow,2026,3,2026-03-05 17:15:25,2026-03-07 05:50:52,205.86,2195.45,1843.3,1850.55,False,True,True,False
yellow,2026,6,2026-06-20 04:21:56,2026-06-21 12:47:22,185.55,1945.4333333333334,1825.1,1830.1,False,True,True,False
