column_name,column_type,null,key,default,extra
taxi,VARCHAR,YES,,,
source_year,INTEGER,YES,,,
source_month,INTEGER,YES,,,
source_file,VARCHAR,YES,,,
vendor_id,BIGINT,YES,,,
pickup,TIMESTAMP,YES,,,
dropoff,TIMESTAMP,YES,,,
passenger_count,DOUBLE,YES,,,
trip_distance,DOUBLE,YES,,,
pu_location_id,INTEGER,YES,,,
do_location_id,INTEGER,YES,,,
payment_type,INTEGER,YES,,,
ratecode_id,DOUBLE,YES,,,
fare_amount,DOUBLE,YES,,,
tip_amount,DOUBLE,YES,,,
total_amount,DOUBLE,YES,,,
tolls_amount,DOUBLE,YES,,,
congestion_surcharge,DOUBLE,YES,,,
cbd_congestion_fee,DOUBLE,YES,,,
