scale,files,rows,query,mode,median,min,max
2026_one_month,2,3765161,distribution,parquet,0.12256170899490826,0.1164768749877112,0.12303124999743886
2026_one_month,2,3765161,distribution,duckdb,0.11985737500071991,0.1143913749983767,0.18228129199997056
2026_one_month,2,3765161,hourly,parquet,0.0377627499983646,0.03683095799351577,0.03807579200656619
2026_one_month,2,3765161,hourly,duckdb,0.022175875012180768,0.021888165996642783,0.02345316600985825
2026_one_month,2,3765161,monthly,parquet,0.019978249998530373,0.019782041999860667,0.02168537500256207
2026_one_month,2,3765161,monthly,duckdb,0.023332707991357893,0.022557915988727473,0.02509341599943582
2026_one_month,2,3765161,top_zones,parquet,0.026753458005259745,0.0266815420036437,0.027878416993189603
2026_one_month,2,3765161,top_zones,duckdb,0.02280008299567271,0.02093612500175368,0.02289937500609085
2026,16,30040469,distribution,parquet,1.4356914999953005,1.2216259160049958,2.0800424170010956
2026,16,30040469,distribution,duckdb,1.0706154169893125,1.0543547499983106,1.3803761659946758
2026,16,30040469,hourly,parquet,0.25312845899316017,0.252972750007757,0.26559454199741594
2026,16,30040469,hourly,duckdb,0.152319125001668,0.14860324999608565,0.15261837499565445
2026,16,30040469,monthly,parquet,0.12421362499298993,0.12000804100534879,0.12514541599375661
2026,16,30040469,monthly,duckdb,0.16406154200376477,0.15641883401258383,0.18203858300694264
2026,16,30040469,top_zones,parquet,0.194005167009891,0.18704354099463671,0.21495587499521207
2026,16,30040469,top_zones,duckdb,0.1538623749947874,0.15299216599669307,0.16659433300083037
2024_2026,40,71870407,distribution,parquet,5.083038542012218,3.7177702500048326,5.4032510410033865
2024_2026,40,71870407,distribution,duckdb,4.423730542010162,4.065407665999373,4.894705417013029
2024_2026,40,71870407,hourly,parquet,0.6010909589967923,0.5849580409994815,0.6124447080073878
2024_2026,40,71870407,hourly,duckdb,0.35968562500784174,0.35512045898940414,0.37316366599407047
2024_2026,40,71870407,monthly,parquet,0.3254864579939749,0.3160093749902444,0.33620062499539927
2024_2026,40,71870407,monthly,duckdb,0.4110791249986505,0.3889227499894332,0.43324425000173505
2024_2026,40,71870407,top_zones,parquet,0.42855545799829997,0.4249522500031162,0.48920787499810103
2024_2026,40,71870407,top_zones,duckdb,0.3754980829980923,0.3623038749938132,0.3940136250021169
2024_2025_2026,64,121184384,distribution,parquet,6.794840625007055,6.189794374993653,8.406526916005532
2024_2025_2026,64,121184384,distribution,duckdb,7.325803416999406,6.236062916999799,9.183325042002252
2024_2025_2026,64,121184384,hourly,parquet,1.1341338329948485,1.1025463749974733,1.1863941249903291
2024_2025_2026,64,121184384,hourly,duckdb,0.6591799169982551,0.5923403749911813,0.7559542499948293
2024_2025_2026,64,121184384,monthly,parquet,0.5018412080098642,0.48823987500509247,0.5025165419938276
2024_2025_2026,64,121184384,monthly,duckdb,0.6331110000028275,0.6314631659915904,0.7868965840025339
2024_2025_2026,64,121184384,top_zones,parquet,0.7504995420022169,0.7424334999959683,0.8014054169907467
2024_2025_2026,64,121184384,top_zones,duckdb,0.6274890830100048,0.6150350419920869,0.8781280830007745
