scale,files,rows,query,mode,repeat,seconds,results_match
2026_one_month,2,3765161,distribution,parquet,1,0.1164768749877112,True
2026_one_month,2,3765161,distribution,duckdb,1,0.18228129199997056,True
2026_one_month,2,3765161,distribution,duckdb,2,0.1143913749983767,True
2026_one_month,2,3765161,distribution,parquet,2,0.12303124999743886,True
2026_one_month,2,3765161,distribution,parquet,3,0.12256170899490826,True
2026_one_month,2,3765161,distribution,duckdb,3,0.11985737500071991,True
2026_one_month,2,3765161,hourly,parquet,1,0.0377627499983646,True
2026_one_month,2,3765161,hourly,duckdb,1,0.022175875012180768,True
2026_one_month,2,3765161,hourly,duckdb,2,0.02345316600985825,True
2026_one_month,2,3765161,hourly,parquet,2,0.03807579200656619,True
2026_one_month,2,3765161,hourly,parquet,3,0.03683095799351577,True
2026_one_month,2,3765161,hourly,duckdb,3,0.021888165996642783,True
2026_one_month,2,3765161,monthly,parquet,1,0.02168537500256207,True
2026_one_month,2,3765161,monthly,duckdb,1,0.02509341599943582,True
2026_one_month,2,3765161,monthly,duckdb,2,0.022557915988727473,True
2026_one_month,2,3765161,monthly,parquet,2,0.019978249998530373,True
2026_one_month,2,3765161,monthly,parquet,3,0.019782041999860667,True
2026_one_month,2,3765161,monthly,duckdb,3,0.023332707991357893,True
2026_one_month,2,3765161,top_zones,parquet,1,0.026753458005259745,True
2026_one_month,2,3765161,top_zones,duckdb,1,0.02280008299567271,True
2026_one_month,2,3765161,top_zones,duckdb,2,0.02289937500609085,True
2026_one_month,2,3765161,top_zones,parquet,2,0.027878416993189603,True
2026_one_month,2,3765161,top_zones,parquet,3,0.0266815420036437,True
2026_one_month,2,3765161,top_zones,duckdb,3,0.02093612500175368,True
2026,16,30040469,distribution,parquet,1,1.2216259160049958,True
2026,16,30040469,distribution,duckdb,1,1.0706154169893125,True
2026,16,30040469,distribution,duckdb,2,1.3803761659946758,True
2026,16,30040469,distribution,parquet,2,1.4356914999953005,True
2026,16,30040469,distribution,parquet,3,2.0800424170010956,True
2026,16,30040469,distribution,duckdb,3,1.0543547499983106,True
2026,16,30040469,hourly,parquet,1,0.25312845899316017,True
2026,16,30040469,hourly,duckdb,1,0.14860324999608565,True
2026,16,30040469,hourly,duckdb,2,0.15261837499565445,True
2026,16,30040469,hourly,parquet,2,0.252972750007757,True
2026,16,30040469,hourly,parquet,3,0.26559454199741594,True
2026,16,30040469,hourly,duckdb,3,0.152319125001668,True
2026,16,30040469,monthly,parquet,1,0.12421362499298993,True
2026,16,30040469,monthly,duckdb,1,0.15641883401258383,True
2026,16,30040469,monthly,duckdb,2,0.16406154200376477,True
2026,16,30040469,monthly,parquet,2,0.12514541599375661,True
2026,16,30040469,monthly,parquet,3,0.12000804100534879,True
2026,16,30040469,monthly,duckdb,3,0.18203858300694264,True
2026,16,30040469,top_zones,parquet,1,0.18704354099463671,True
2026,16,30040469,top_zones,duckdb,1,0.15299216599669307,True
2026,16,30040469,top_zones,duckdb,2,0.1538623749947874,True
2026,16,30040469,top_zones,parquet,2,0.21495587499521207,True
2026,16,30040469,top_zones,parquet,3,0.194005167009891,True
2026,16,30040469,top_zones,duckdb,3,0.16659433300083037,True
2024_2026,40,71870407,distribution,parquet,1,3.7177702500048326,True
2024_2026,40,71870407,distribution,duckdb,1,4.065407665999373,True
2024_2026,40,71870407,distribution,duckdb,2,4.423730542010162,True
2024_2026,40,71870407,distribution,parquet,2,5.4032510410033865,True
2024_2026,40,71870407,distribution,parquet,3,5.083038542012218,True
2024_2026,40,71870407,distribution,duckdb,3,4.894705417013029,True
2024_2026,40,71870407,hourly,parquet,1,0.6124447080073878,True
2024_2026,40,71870407,hourly,duckdb,1,0.35512045898940414,True
2024_2026,40,71870407,hourly,duckdb,2,0.35968562500784174,True
2024_2026,40,71870407,hourly,parquet,2,0.5849580409994815,True
2024_2026,40,71870407,hourly,parquet,3,0.6010909589967923,True
2024_2026,40,71870407,hourly,duckdb,3,0.37316366599407047,True
2024_2026,40,71870407,monthly,parquet,1,0.33620062499539927,True
2024_2026,40,71870407,monthly,duckdb,1,0.43324425000173505,True
2024_2026,40,71870407,monthly,duckdb,2,0.3889227499894332,True
2024_2026,40,71870407,monthly,parquet,2,0.3160093749902444,True
2024_2026,40,71870407,monthly,parquet,3,0.3254864579939749,True
2024_2026,40,71870407,monthly,duckdb,3,0.4110791249986505,True
2024_2026,40,71870407,top_zones,parquet,1,0.48920787499810103,True
2024_2026,40,71870407,top_zones,duckdb,1,0.3940136250021169,True
2024_2026,40,71870407,top_zones,duckdb,2,0.3754980829980923,True
2024_2026,40,71870407,top_zones,parquet,2,0.42855545799829997,True
2024_2026,40,71870407,top_zones,parquet,3,0.4249522500031162,True
2024_2026,40,71870407,top_zones,duckdb,3,0.3623038749938132,True
2024_2025_2026,64,121184384,distribution,parquet,1,6.794840625007055,True
2024_2025_2026,64,121184384,distribution,duckdb,1,6.236062916999799,True
2024_2025_2026,64,121184384,distribution,duckdb,2,9.183325042002252,True
2024_2025_2026,64,121184384,distribution,parquet,2,8.406526916005532,True
2024_2025_2026,64,121184384,distribution,parquet,3,6.189794374993653,True
2024_2025_2026,64,121184384,distribution,duckdb,3,7.325803416999406,True
2024_2025_2026,64,121184384,hourly,parquet,1,1.1863941249903291,True
2024_2025_2026,64,121184384,hourly,duckdb,1,0.7559542499948293,True
2024_2025_2026,64,121184384,hourly,duckdb,2,0.5923403749911813,True
2024_2025_2026,64,121184384,hourly,parquet,2,1.1025463749974733,True
2024_2025_2026,64,121184384,hourly,parquet,3,1.1341338329948485,True
2024_2025_2026,64,121184384,hourly,duckdb,3,0.6591799169982551,True
2024_2025_2026,64,121184384,monthly,parquet,1,0.48823987500509247,True
2024_2025_2026,64,121184384,monthly,duckdb,1,0.6331110000028275,True
2024_2025_2026,64,121184384,monthly,duckdb,2,0.6314631659915904,True
2024_2025_2026,64,121184384,monthly,parquet,2,0.5018412080098642,True
2024_2025_2026,64,121184384,monthly,parquet,3,0.5025165419938276,True
2024_2025_2026,64,121184384,monthly,duckdb,3,0.7868965840025339,True
2024_2025_2026,64,121184384,top_zones,parquet,1,0.7504995420022169,True
2024_2025_2026,64,121184384,top_zones,duckdb,1,0.6150350419920869,True
2024_2025_2026,64,121184384,top_zones,duckdb,2,0.6274890830100048,True
2024_2025_2026,64,121184384,top_zones,parquet,2,0.8014054169907467,True
2024_2025_2026,64,121184384,top_zones,parquet,3,0.7424334999959683,True
2024_2025_2026,64,121184384,top_zones,duckdb,3,0.8781280830007745,True
